/*
  IssueTracker — LOCAL SCHEMA UPDATED TO MATCH CLOUD
  Generated by Claude based on cloud_server_updated.sql
  Run this in phpMyAdmin on your LOCAL XAMPP to sync with cloud structure.

  HOW TO USE:
  1. Open phpMyAdmin → http://localhost/phpmyadmin
  2. Click your local 'issuetracker' database
  3. Click the SQL tab
  4. Paste and run this entire file

  NOTE: This will DROP and recreate all tables. Back up your local data first if needed.
*/

SET NAMES utf8;
SET FOREIGN_KEY_CHECKS = 0;

CREATE DATABASE IF NOT EXISTS `issuetracker`
  DEFAULT CHARACTER SET utf8mb4
  COLLATE utf8mb4_general_ci;

USE `issuetracker`;

-- ============================================================
-- 1. USERS
-- Cloud additions vs local: username, password, position,
--   mobile, isActive, particular_id
--   role ENUM now includes: admin, staff, viewer, developer, reporter
-- ============================================================
DROP TABLE IF EXISTS `users`;
CREATE TABLE `users` (
  `id`           INT NOT NULL AUTO_INCREMENT,
  `name`         VARCHAR(120) NOT NULL,
  `username`     VARCHAR(50)  NOT NULL,
  `password`     VARCHAR(32)  NOT NULL,         -- MD5 hash
  `email`        VARCHAR(180) NOT NULL,
  `role`         ENUM('admin','staff','viewer','developer','reporter') NOT NULL DEFAULT 'staff',
  `created_at`   DATETIME NOT NULL DEFAULT CURRENT_TIMESTAMP,
  `position`     VARCHAR(255) DEFAULT NULL,     -- NEW in cloud
  `mobile`       VARCHAR(255) DEFAULT NULL,     -- NEW in cloud
  `isActive`     TINYINT DEFAULT '1',           -- NEW in cloud
  `particular_id` INT DEFAULT NULL,             -- NEW in cloud
  PRIMARY KEY (`id`),
  UNIQUE KEY `email` (`email`)
) ENGINE=InnoDB AUTO_INCREMENT=13 DEFAULT CHARSET=utf8mb4 COLLATE=utf8mb4_general_ci;

-- Seed users (password = MD5('admin') = 21232f297a57a5a743894a0e4a801fc3)
INSERT INTO `users` (`id`,`name`,`username`,`password`,`email`,`role`,`created_at`,`isActive`,`particular_id`) VALUES
(1,  'Stephen Dumili', 'Stephen', '21232f297a57a5a743894a0e4a801fc3', 'stephen@issuetracker.local', 'admin',    '2026-03-02 16:16:41', 1, NULL),
(3,  'Dianne',         'Dianne',  '21232f297a57a5a743894a0e4a801fc3', 'dianne@issuetracker.local',  'admin',    '2026-03-02 16:16:41', 1, NULL),
(4,  'Katrina',        'Katrina', '21232f297a57a5a743894a0e4a801fc3', 'katrina@issuetracker.local', 'admin',    '2026-03-02 16:16:41', 1, NULL),
(5,  'Jemson',         'Jemson',  '21232f297a57a5a743894a0e4a801fc3', 'jemson@issuetracker.local',  'admin',    '2026-03-02 16:16:41', 1, NULL),
(6,  'Josh',           'Josh',    '21232f297a57a5a743894a0e4a801fc3', 'josh@issuetracker.local',    'admin',    '2026-03-02 16:16:41', 1, NULL),
(9,  'Lea',            'lea',     '21232f297a57a5a743894a0e4a801fc3', 'lea@issuetracker.local',     'reporter', '2026-03-12 17:20:31', 1, NULL),
(10, 'Nikko',          'nikko',   '21232f297a57a5a743894a0e4a801fc3', 'nikko@issuetracker.local',   'admin',    '2026-03-12 17:20:31', 1, NULL),
(11, 'Andrew',         'andrew',  '21232f297a57a5a743894a0e4a801fc3', 'andrew@issuetracker.local',  'admin',    '2026-03-12 17:20:31', 1, NULL),
(12, 'Benz',           'Benz',    '21232f297a57a5a743894a0e4a801fc3', 'benz@issuetracker.com',      'admin',    '2026-03-16 15:57:58', 1, NULL);

-- ============================================================
-- 2. PARTICULARS
-- Entirely new table — did not exist in local
-- ============================================================
DROP TABLE IF EXISTS `particulars`;
CREATE TABLE `particulars` (
  `particular_id` INT NOT NULL AUTO_INCREMENT,
  `name`          VARCHAR(255) NOT NULL,
  `description`   VARCHAR(255) DEFAULT NULL,
  `isActive`      TINYINT(1) NOT NULL DEFAULT '1',
  `created_at`    TIMESTAMP NOT NULL DEFAULT CURRENT_TIMESTAMP,
  PRIMARY KEY (`particular_id`)
) ENGINE=InnoDB AUTO_INCREMENT=18 DEFAULT CHARSET=utf8mb4 COLLATE=utf8mb4_general_ci;

INSERT INTO `particulars` (`particular_id`,`name`,`description`,`isActive`) VALUES
(12, 'MIS',          'PC-based',  1),
(13, 'MIS Dashboard','Web-based', 1),
(14, 'MSP Portals',  'Web-based', 1),
(15, 'ProActive',    'Web-based', 1),
(16, 'CIS',          'Web-based', 1),
(17, 'CSMS',         'Web-based', 1);

-- ============================================================
-- 3. ISSUES
-- Major changes vs local:
--   + title (user stories)
--   + status ENUM (New/In Progress/Fixed/Resolved/Closed)
--   + story_points ENUM (1/2/3/5/8/13)
--   + area_path, iteration_path, acceptance_criteria
--   + particular_id FK
--   state ENUM massively expanded to include all user story states
--   priority ENUM changed to 1-Urgent..5-Low format
-- ============================================================
DROP TABLE IF EXISTS `issues`;
CREATE TABLE `issues` (
  `id`                  INT NOT NULL AUTO_INCREMENT,
  `title`               VARCHAR(255) DEFAULT NULL,
  `dashboard`           VARCHAR(120) DEFAULT NULL,
  `module`              VARCHAR(120) DEFAULT NULL,
  `description`         TEXT NOT NULL,
  `state`               ENUM(
                          'New','Bug','Open','In Progress',
                          'As Designed','Enhancement','Needs Clarification','Monitoring','Closed',
                          'Draft','For Review','Approved','In Development',
                          'For Testing','QA Failed','For UAT','Ready for Deployment','Deployed'
                        ) NOT NULL DEFAULT 'New',
  `priority`            ENUM('1-Urgent','2-Critical','3-High','4-Medium','5-Low') NOT NULL DEFAULT '4-Medium',
  `story_points`        ENUM('1','2','3','5','8','13') DEFAULT NULL,
  `area_path`           VARCHAR(255) DEFAULT NULL,
  `iteration_path`      VARCHAR(255) DEFAULT NULL,
  `acceptance_criteria` TEXT DEFAULT NULL,
  `issued_by`           INT DEFAULT NULL,
  `assigned_to`         INT DEFAULT NULL,
  `date_identified`     DATE NOT NULL,
  `source`              VARCHAR(50) NOT NULL DEFAULT 'Manual',
  `created_at`          DATETIME NOT NULL DEFAULT CURRENT_TIMESTAMP,
  `updated_at`          DATETIME NOT NULL DEFAULT CURRENT_TIMESTAMP ON UPDATE CURRENT_TIMESTAMP,
  `particular_id`       INT DEFAULT NULL,
  `status`              ENUM('New','In Progress','Fixed','Resolved','Closed') DEFAULT 'New',
  PRIMARY KEY (`id`),
  KEY `issued_by`   (`issued_by`),
  KEY `assigned_to` (`assigned_to`),
  CONSTRAINT `issues_ibfk_1` FOREIGN KEY (`issued_by`)   REFERENCES `users` (`id`) ON DELETE SET NULL,
  CONSTRAINT `issues_ibfk_2` FOREIGN KEY (`assigned_to`) REFERENCES `users` (`id`) ON DELETE SET NULL
) ENGINE=InnoDB AUTO_INCREMENT=27 DEFAULT CHARSET=utf8mb4 COLLATE=utf8mb4_general_ci;

-- Cloud data (all 22 issues from live system)
INSERT INTO `issues` (`id`,`title`,`dashboard`,`module`,`description`,`state`,`priority`,`story_points`,`area_path`,`iteration_path`,`acceptance_criteria`,`issued_by`,`assigned_to`,`date_identified`,`source`,`created_at`,`updated_at`,`particular_id`,`status`) VALUES
(1,  NULL, NULL, 'testing',              'testing',                                        'In Progress', '3-High',     NULL,NULL,NULL,NULL,             5,10,'2026-03-16','Manual',     '2026-03-16 15:00:48','2026-03-16 15:00:48',17,'In Progress'),
(2,  NULL, NULL, 'General Overview',     'test',                                           'In Progress', '3-High',     NULL,NULL,NULL,NULL,             5,1, '2026-03-16','Manual',     '2026-03-16 15:01:15','2026-03-16 15:01:15',12,'In Progress'),
(3,  NULL, NULL, 'General Overview',     'testing',                                        'As Designed', '3-High',     NULL,NULL,NULL,NULL,             4,11,'2026-03-16','Manual',     '2026-03-16 15:01:40','2026-03-16 15:01:40',17,'Closed'),
(4,  NULL, NULL, 'General Overview',     'testing',                                        'As Designed', '3-High',     NULL,NULL,NULL,NULL,             4,11,'2026-03-16','Manual',     '2026-03-16 15:01:47','2026-03-16 15:01:47',17,'Closed'),
(5,  NULL, NULL, 'General Overview',     'testing',                                        'Bug',         '5-Low',      NULL,NULL,NULL,NULL,             6,1, '2026-03-16','Manual',     '2026-03-16 15:10:24','2026-03-16 15:10:24',17,'New'),
(6,  NULL, NULL, 'General Overview',     'testing',                                        'Bug',         '5-Low',      NULL,NULL,NULL,NULL,             6,1, '2026-03-16','Manual',     '2026-03-16 15:10:35','2026-03-16 15:10:35',17,'New'),
(7,  NULL, NULL, 'Inventory',            'asdwadsawd',                                     'New',         '4-Medium',   NULL,NULL,NULL,NULL,             NULL,1,'2026-03-16','Manual',   '2026-03-16 15:21:09','2026-03-16 15:21:09',12,'In Progress'),
(8,  NULL, NULL, 'Inventory',            'hello po',                                       'New',         '3-High',     NULL,NULL,NULL,NULL,             5,1, '2026-03-16','Manual',     '2026-03-16 15:22:06','2026-03-16 15:22:06',13,'New'),
(9,  NULL, NULL, 'hii',                  'hii',                                            'New',         '1-Urgent',   NULL,NULL,NULL,NULL,             5,1, '2026-03-16','Manual',     '2026-03-16 15:22:43','2026-03-16 15:22:43',12,'New'),
(10, 'story',NULL,'inventory',           'story story story',                              'For Review',  '5-Low',      '1', NULL,'Sprint 4','THE STORY IS STORY',6,1,'2026-03-16','user_story','2026-03-16 15:23:40','2026-03-16 15:36:21',17,'Resolved'),
(11, NULL, NULL, 'General Overview',     'testing',                                        'In Progress', '3-High',     NULL,NULL,NULL,NULL,             6,5, '2026-03-16','Manual',     '2026-03-16 16:37:18','2026-03-16 16:37:18',17,'Closed'),
(12, NULL, NULL, 'inventory',            'hello is it me you\'re looking for',             'As Designed', '5-Low',      NULL,NULL,NULL,NULL,             6,12,'2026-03-18','Manual',     '2026-03-18 10:06:47','2026-03-18 10:06:47',NULL,'New'),
(13, NULL, NULL, 'status check',         'status checking',                                'New',         '4-Medium',   NULL,NULL,NULL,NULL,             12,9,'2026-03-18','Manual',     '2026-03-18 10:07:13','2026-03-18 10:07:13',17,'New'),
(14, NULL, NULL, 'status closed',        'status closed',                                  'Bug',         '4-Medium',   NULL,NULL,NULL,NULL,             3,11,'2026-03-18','Manual',     '2026-03-18 10:07:55','2026-03-18 10:07:55',12,'Closed'),
(15, NULL, NULL, 'Inventory',            'Hurry home lets never leave the house',          'Bug',         '4-Medium',   NULL,NULL,NULL,NULL,             5,10,'2026-03-18','Manual',     '2026-03-18 10:10:29','2026-03-18 10:10:29',NULL,'New'),
(16, NULL, NULL, 'inventory',            'got this drop on this',                          'New',         '4-Medium',   NULL,NULL,NULL,NULL,             12,1,'2026-03-18','Manual',     '2026-03-18 10:13:56','2026-03-18 10:13:56',NULL,'New'),
(17, 'testing User story',NULL,'testing user story','testing user story',                  'For Review',  '2-Critical', '1', NULL,'Sprint 3','testing user story',4,1,'2026-03-18','user_story','2026-03-18 10:15:51','2026-03-18 10:15:51',13,'New'),
(18, NULL, NULL, 'inventory',            'there\'s no one like you',                       'New',         '5-Low',      NULL,NULL,NULL,NULL,             5,10,'2026-03-18','Manual',     '2026-03-18 10:27:00','2026-03-18 10:27:00',13,'New'),
(19, NULL, NULL, 'test',                 'test',                                           'New',         '4-Medium',   NULL,NULL,NULL,NULL,             4,1, '2026-03-18','Manual',     '2026-03-18 10:47:36','2026-03-18 10:47:36',15,'New'),
(21, 'hello',NULL,'Inventory',           'I bit my tongue',                                'Open',        '5-Low',      NULL,NULL,'','',                 4,1, '2026-03-18','Manual',     '2026-03-18 11:35:28','2026-03-18 13:36:56',13,'Resolved'),
(22, 'hi',NULL,'test',                   '"ADA details needed per masterfile:\n\n- W/ ADA\n- ADA - DATE SUBMITTED\n- ADA REF#\n- ADA STATUS\n- ADA - DATE ENROLLED\n- ADA-REASON OF REJECTION"','New','4-Medium',NULL,NULL,'','',4,1,'2026-03-18','Manual','2026-03-18 13:45:24','2026-03-18 13:46:42',14,'In Progress'),
(24, NULL, NULL, 'testing Desciption',   'This is a description.',                         'New',         '2-Critical', NULL,NULL,NULL,NULL,             3,1, '2026-03-19','Manual',     '2026-03-19 10:06:31','2026-03-19 10:06:31',16,'New'),
(25, NULL, NULL, 'General Overview',     'hello',                                          'New',         '4-Medium',   NULL,NULL,NULL,NULL,             NULL,1,'2026-03-19','Manual',   '2026-03-19 10:15:42','2026-03-19 10:15:42',16,'New'),
(26, NULL, NULL, 'Unclosed Ticket Summary','testing conflicts',                            'Open',        '3-High',     NULL,NULL,NULL,NULL,             9,1, '2026-03-19','Manual',     '2026-03-19 14:58:05','2026-03-19 14:58:05',17,'Closed');

-- ============================================================
-- 4. COMMENTS
-- Cloud addition vs local: + author column (display name)
-- ============================================================
DROP TABLE IF EXISTS `comments`;
CREATE TABLE `comments` (
  `id`         INT NOT NULL AUTO_INCREMENT,
  `issue_id`   INT NOT NULL,
  `user_id`    INT DEFAULT NULL,
  `author`     VARCHAR(120) DEFAULT NULL,       -- NEW in cloud
  `comment`    TEXT NOT NULL,
  `created_at` TIMESTAMP NOT NULL DEFAULT CURRENT_TIMESTAMP,
  PRIMARY KEY (`id`),
  KEY `comments_ibfk_1` (`issue_id`),
  KEY `comments_ibfk_2` (`user_id`),
  CONSTRAINT `comments_ibfk_1` FOREIGN KEY (`issue_id`) REFERENCES `issues` (`id`) ON DELETE CASCADE,
  CONSTRAINT `comments_ibfk_2` FOREIGN KEY (`user_id`)  REFERENCES `users` (`id`) ON DELETE SET NULL
) ENGINE=InnoDB AUTO_INCREMENT=15 DEFAULT CHARSET=utf8mb4 COLLATE=utf8mb4_general_ci;

INSERT INTO `comments` (`id`,`issue_id`,`user_id`,`author`,`comment`,`created_at`) VALUES
(1,  7,  11, 'Andrew',  'asdwad',                           '2026-03-16 15:21:09'),
(2,  8,  11, 'Andrew',  'Hello is it me you\'re looking for.','2026-03-16 15:22:06'),
(3,  9,  10, 'Nikko',   'hiiiiii',                          '2026-03-16 15:22:44'),
(4,  10, 11, 'Andrew',  'STORY!',                           '2026-03-16 15:23:40'),
(5,  8,  4,  'Katrina', 'HAHAHAHHAHAHAHHAHAHA',             '2026-03-16 15:27:59'),
(6,  11, 10, 'Nikko',   'testing',                          '2026-03-16 16:37:18'),
(7,  12, 11, 'Andrew',  'wassup',                           '2026-03-18 10:06:47'),
(8,  15, 11, 'Andrew',  'You dont mean it',                 '2026-03-18 10:10:29'),
(9,  16, 11, 'Andrew',  'took her to the o',                '2026-03-18 10:13:56'),
(10, 17, 4,  'Katrina', 'testing user story',               '2026-03-18 10:15:52'),
(11, 18, 11, 'Andrew',  'i promise',                        '2026-03-18 10:27:00'),
(12, 21, 11, 'Andrew',  'its a bad habit',                  '2026-03-18 11:35:28'),
(13, 21, 4,  'Katrina', 'hi',                               '2026-03-18 13:24:37'),
(14, 18, 3,  'Dianne',  'test',                             '2026-03-19 09:11:54');

-- ============================================================
-- 5. ATTACHMENTS
-- Same structure as local — no changes
-- ============================================================
DROP TABLE IF EXISTS `attachments`;
CREATE TABLE `attachments` (
  `id`            INT NOT NULL AUTO_INCREMENT,
  `issue_id`      INT NOT NULL,
  `filename`      VARCHAR(255) NOT NULL,
  `original_name` VARCHAR(255) NOT NULL,
  `file_path`     TEXT NOT NULL,
  `file_size`     BIGINT DEFAULT NULL,
  `file_type`     VARCHAR(100) DEFAULT NULL,
  `uploaded_by`   INT DEFAULT NULL,
  `uploaded_at`   TIMESTAMP NOT NULL DEFAULT CURRENT_TIMESTAMP,
  PRIMARY KEY (`id`),
  KEY `issue_id`    (`issue_id`),
  KEY `uploaded_by` (`uploaded_by`),
  CONSTRAINT `attachments_ibfk_1` FOREIGN KEY (`issue_id`)    REFERENCES `issues` (`id`) ON DELETE CASCADE,
  CONSTRAINT `attachments_ibfk_2` FOREIGN KEY (`uploaded_by`) REFERENCES `users` (`id`)  ON DELETE SET NULL
) ENGINE=InnoDB AUTO_INCREMENT=5 DEFAULT CHARSET=utf8mb4 COLLATE=utf8mb4_general_ci;

-- ============================================================
-- 6. REPORTS
-- Same structure as local — no changes
-- ============================================================
DROP TABLE IF EXISTS `reports`;
CREATE TABLE `reports` (
  `id`                INT NOT NULL AUTO_INCREMENT,
  `generated_by`      INT DEFAULT NULL,
  `date_range`        VARCHAR(50) DEFAULT NULL,
  `status_filter`     VARCHAR(50) NOT NULL DEFAULT 'All Statuses',
  `total_issues`      INT NOT NULL DEFAULT '0',
  `new_count`         INT NOT NULL DEFAULT '0',
  `bug_count`         INT NOT NULL DEFAULT '0',
  `open_count`        INT NOT NULL DEFAULT '0',
  `in_progress_count` INT NOT NULL DEFAULT '0',
  `resolved_count`    INT NOT NULL DEFAULT '0',
  `generated_at`      DATETIME NOT NULL DEFAULT CURRENT_TIMESTAMP,
  PRIMARY KEY (`id`),
  KEY `generated_by` (`generated_by`),
  CONSTRAINT `reports_ibfk_1` FOREIGN KEY (`generated_by`) REFERENCES `users` (`id`) ON DELETE SET NULL
) ENGINE=InnoDB AUTO_INCREMENT=9 DEFAULT CHARSET=utf8mb4 COLLATE=utf8mb4_general_ci;

-- ============================================================
-- 7. ACTIVITY LOGS
-- Entirely new table — did not exist in local
-- ============================================================
DROP TABLE IF EXISTS `activity_logs`;
CREATE TABLE `activity_logs` (
  `id`            INT NOT NULL AUTO_INCREMENT,
  `issue_id`      INT NOT NULL,
  `user_id`       INT DEFAULT NULL,
  `user_name`     VARCHAR(120) NOT NULL DEFAULT 'Unknown',
  `field_changed` VARCHAR(120) NOT NULL,
  `old_value`     TEXT DEFAULT NULL,
  `new_value`     TEXT DEFAULT NULL,
  `created_at`    DATETIME NOT NULL DEFAULT CURRENT_TIMESTAMP,
  PRIMARY KEY (`id`),
  KEY `issue_id` (`issue_id`),
  CONSTRAINT `activity_logs_ibfk_1` FOREIGN KEY (`issue_id`) REFERENCES `issues` (`id`) ON DELETE CASCADE
) ENGINE=InnoDB AUTO_INCREMENT=17 DEFAULT CHARSET=utf8mb4 COLLATE=utf8mb4_general_ci;

INSERT INTO `activity_logs` (`id`,`issue_id`,`user_id`,`user_name`,`field_changed`,`old_value`,`new_value`,`created_at`) VALUES
(1,  10, 10, 'Nikko',   'Status',      'New',           'Resolved',    '2026-03-16 15:36:21'),
(2,  10, 10, 'Nikko',   'State',       'For Review',    'Resolved',    '2026-03-16 15:36:21'),
(3,  10, 10, 'Nikko',   'Assigned To', 'Stephen Dumili','1',           '2026-03-16 15:36:21'),
(7,  21, 4,  'Katrina', 'State',       'Open',          'In Progress', '2026-03-18 13:36:42'),
(8,  21, 4,  'Katrina', 'Assigned To', 'Stephen Dumili','1',           '2026-03-18 13:36:42'),
(9,  21, 4,  'Katrina', 'Status',      'In Progress',   'Resolved',    '2026-03-18 13:36:56'),
(10, 21, 4,  'Katrina', 'State',       'Open',          'Resolved',    '2026-03-18 13:36:56'),
(11, 21, 4,  'Katrina', 'Assigned To', 'Stephen Dumili','1',           '2026-03-18 13:36:56'),
(12, 22, 4,  'Katrina', 'Status',      'New',           'In Progress', '2026-03-18 13:46:42'),
(13, 22, 4,  'Katrina', 'State',       'New',           'In Progress', '2026-03-18 13:46:42'),
(14, 22, 4,  'Katrina', 'Assigned To', 'Stephen Dumili','1',           '2026-03-18 13:46:43');

-- ============================================================
-- 8. ISSUE IMPORTS
-- Same structure — no changes (empty on cloud too)
-- ============================================================
DROP TABLE IF EXISTS `issue_imports`;
CREATE TABLE `issue_imports` (
  `id`            INT NOT NULL,
  `filename`      VARCHAR(255) DEFAULT NULL,
  `imported_by`   INT DEFAULT NULL,
  `records_count` INT NOT NULL DEFAULT '0',
  `imported_at`   DATETIME NOT NULL DEFAULT CURRENT_TIMESTAMP,
  PRIMARY KEY (`id`),
  KEY `imported_by` (`imported_by`),
  CONSTRAINT `issue_imports_ibfk_1` FOREIGN KEY (`imported_by`) REFERENCES `users` (`id`) ON DELETE SET NULL
) ENGINE=InnoDB DEFAULT CHARSET=utf8mb4 COLLATE=utf8mb4_general_ci;

SET FOREIGN_KEY_CHECKS = 1;
